{"Temperature": 1.0207419719698547, "pCH4_per_pO2": -4.493192593982707, "Contact time": 1.53610880531638, "R2": 0.5608224869548883, "RMSE": 0.9347397470454206, "MAE": 0.7189553225820495, "Hard extrapolative error": 1.7736739139990227, "Easy extrapolative error": 3.9216039089086916, "n_estimators": 960, "max_depth": 16, "min_child_weight": 5.181256853301317, "gamma": 0.0, "subsample": 1.0, "colsample_bytree": 1.0, "learning_rate": 0.0938282099865833, "_timestamp": 1709608696.5079987, "_runtime": 32.51482677459717, "_step": 32}