{"Temperature": -4.507717961213337, "pCH4_per_pO2": 1.5681402870159358, "Contact time": 2.455852545965045, "R2": 0.5647246028690796, "RMSE": 0.9304848588554966, "MAE": 0.7210103159302882, "Hard extrapolative error": [16.14692869], "Easy extrapolative error": [14.1245331], "n_estimators": 990, "max_depth": 19, "min_child_weight": 3.5345978995588494, "gamma": 0.0, "subsample": 0.6204723404406015, "colsample_bytree": 0.5, "learning_rate": 0.1, "_timestamp": 1709551587.8586981, "_runtime": 103.89703702926636, "_step": 371, "_wandb": {"runtime": 104}}