{"Temperature": -6.003755330379549, "pCH4_per_pO2": -2.2201927636082157, "Contact time": 0.5363873480895702, "R2": 0.5703319286681657, "RMSE": 0.9246060899935362, "MAE": 0.7172555751650276, "Hard extrapolative error": 3.0577916126684563, "Easy extrapolative error": 2.6801936534765627, "n_estimators": 303, "max_depth": 14, "min_child_weight": 5.454601380215768, "gamma": 0.0, "subsample": 1.0, "colsample_bytree": 0.5, "learning_rate": 0.1, "_timestamp": 1709608654.2016678, "_runtime": 180.60182976722717, "_step": 750}