{"Temperature": -2.0143223459363147, "pCH4_per_pO2": -4.493192593982707, "Contact time": 1.4961199470273077, "R2": 0.6124034195257684, "RMSE": 0.8780897968065458, "MAE": 0.6663321474736933, "Hard extrapolative error": 1.9309224110083, "Easy extrapolative error": 12.272269768586732, "n_estimators": 943, "max_depth": 20, "min_child_weight": 3.572346204685845, "gamma": 0.0, "subsample": 0.7313169804117108, "colsample_bytree": 0.7746456441751648, "learning_rate": 0.0883569894672849, "_timestamp": 1709604976.2629788, "_runtime": 1023.5222327709198, "_step": 4154}