{"Temperature": [4.238972482041627], "pCH4_per_pO2": [-1.8336576239057147], "Contact time": [6.1943857061422305], "R2": [0.7108221148503008], "RMSE": [1.0111092212752741], "MAE": [0.6807706919992039], "best_n_estimators": 353, "best_max_depth": 3, "best_min_child_weight": 4.822051422404654, "best_gamma": 0.021863178721892862, "best_subsample": 0.7682239600917624, "best_colsample_bytree": 0.5588950089892503, "best_learning_rate": 0.07549434908381934, "best_rmse": 0.9342665540473721, "best_mae": 0.524818030576324, "best_r2": 0.7531059985282043, "_timestamp": 1706448578.875099, "_runtime": 22347.154327869415, "_step": 287}