{"n_estimators": 193, "max_depth": 10, "min_child_weight": 5.3061816059088445, "gamma": 0.47086493183512584, "subsample": 0.7611902230908103, "colsample_bytree": 0.6499075307886886, "learning_rate": 0.0653639863082753, "mean_score": -0.0932004445685725, "_timestamp": 1706157705.897427, "_runtime": 179.52719497680664, "_step": 171, "best_n_estimators": 600, "best_max_depth": 37, "best_min_child_weight": 2.175185016664552, "best_gamma": 0.0002474290214720691, "best_subsample": 0.8240258140899229, "best_colsample_bytree": 0.5750232242709225, "best_learning_rate": 0.038288962443634104, "best_rmse": Infinity, "best_mae": Infinity, "best_r2": -Infinity}