Temperature,pCH4_per_pO2,Contact time,YC2
0.0,0.0,0.0,0.35159227128875953
0.0,0.0,0.9999999999999999,0.3656466905829635
0.0,1.0,0.0,0.18639417927424323
0.0,1.0,0.9999999999999999,0.03011312595205801
1.0,0.0,0.0,1.0
1.0,0.0,0.9999999999999999,0.9970406671706012
1.0,1.0,0.0,0.9245764120915676
1.0,1.0,0.9999999999999999,0.7512818031000429
