{"n_estimators": 572, "max_depth": 9, "min_child_weight": 5.958250104278139, "gamma": 1.274824744137323, "subsample": 0.8527127589999576, "colsample_bytree": 0.7823238809941995, "learning_rate": 0.056564033220890014, "mean_score": -0.130104737749204, "_timestamp": 1706158596.064263, "_runtime": 275.9015190601349, "_step": 252, "best_n_estimators": 351, "best_max_depth": 27, "best_min_child_weight": 3.325348134441297, "best_gamma": 0.002227314138291709, "best_subsample": 0.5723773719955866, "best_colsample_bytree": 0.582844483980571, "best_learning_rate": 0.0485847892187077, "best_rmse": 1.0219986770720253, "best_mae": 0.6883030357959322, "best_r2": 0.7047565415987558}