{"Temperature": -4.507717961213337, "pCH4_per_pO2": 1.5681402870159358, "Contact time": 2.455852545965045, "R2": 0.548269146615517, "RMSE": 0.9478346744239076, "MAE": 0.7311950942872518, "Hard extrapolative error": [16.14692869], "Easy extrapolative error": [14.1245331], "n_estimators": 972, "max_depth": 16, "min_child_weight": 4.056118457025929, "gamma": 0.0, "subsample": 0.5, "colsample_bytree": 1.0, "learning_rate": 0.1, "_timestamp": 1709552270.884127, "_runtime": 104.42006778717041, "_step": 370}