{"Temperature": -6.5024344534349545, "pCH4_per_pO2": -3.7355259838578765, "Contact time": 1.4961199470273077, "R2": 0.5483367425691827, "RMSE": 0.9479483547663307, "MAE": 0.7245950709669465, "Hard extrapolative error": 1.155308626218261, "Easy extrapolative error": 4.490659466159668, "n_estimators": 953, "max_depth": 12, "min_child_weight": 2.978321013886104, "gamma": 0.0, "subsample": 1.0, "colsample_bytree": 1.0, "learning_rate": 0.1, "_timestamp": 1709609069.2847855, "_runtime": 189.56203246116638, "_step": 227}