{"Temperature": -4.009038838157932, "pCH4_per_pO2": -4.114359288920292, "Contact time": -0.9032115503170357, "R2": 0.563337768910616, "RMSE": 0.9319530308966131, "MAE": 0.722701722982626, "Hard extrapolative error": 2.6473778706030267, "Easy extrapolative error": 12.736176056733704, "n_estimators": 984, "max_depth": 22, "min_child_weight": 3.0505968595510606, "gamma": 0.0, "subsample": 0.5, "colsample_bytree": 0.5, "learning_rate": 0.1, "_timestamp": 1709602983.816937, "_runtime": 2401.256973028183, "_step": 7220}