{"Temperature": 3.1487261608700723, "pCH4_per_pO2": -2.9778593737330463, "Contact time": -0.8632226920279633, "R2": 0.5459537435792398, "RMSE": 0.9502550276060518, "MAE": 0.734221218325886, "Hard extrapolative error": [16.14692869], "Easy extrapolative error": [14.1245331], "n_estimators": 972, "max_depth": 14, "min_child_weight": 4.090169333471817, "gamma": 0.0, "subsample": 0.5, "colsample_bytree": 1.0, "learning_rate": 0.1, "_timestamp": 1709551169.9034243, "_runtime": 15.877209186553955, "_step": 7}