{"Temperature": -6.003755330379549, "pCH4_per_pO2": 0.8104736768911055, "Contact time": 6.294782941715995, "R2": 0.5762927763058396, "RMSE": 0.9180369986697129, "MAE": 0.7028400315428447, "Hard extrapolative error": [15.876133285088958], "Easy extrapolative error": [15.960702581277467], "n_estimators": 339, "max_depth": 24, "min_child_weight": 5.44758528915478, "gamma": 0.0789884325951206, "subsample": 0.7087250254092365, "colsample_bytree": 0.5310034812709283, "learning_rate": 0.058129391417236, "_timestamp": 1709558226.6234212, "_runtime": 4546.183610200882, "_step": 10558}