{"Temperature": -4.009038838157932, "pCH4_per_pO2": -4.114359288920292, "Contact time": 0.05652104862070149, "R2": 0.56536854038985, "RMSE": 0.929783402890223, "MAE": 0.7205282428647084, "Hard extrapolative error": [16.14692869], "Easy extrapolative error": [14.1245331], "n_estimators": 984, "max_depth": 22, "min_child_weight": 3.0505968595510606, "gamma": 0.0, "subsample": 0.5, "colsample_bytree": 0.5, "learning_rate": 0.1, "_timestamp": 1709549857.673221, "_runtime": 1192.9825921058655, "_step": 1125}