{"Temperature": -4.009038838157932, "pCH4_per_pO2": -5.250859204107537, "Contact time": 2.935718845433913, "R2": 0.3769524149731257, "RMSE": 1.1133099191776932, "MAE": 0.9566987234673427, "Hard extrapolative error": 3.290637872739257, "Easy extrapolative error": 11.594572229257203, "n_estimators": 772, "max_depth": 1, "min_child_weight": 1.0, "gamma": 0.0, "subsample": 1.0, "colsample_bytree": 1.0, "learning_rate": 0.1, "_timestamp": 1709603793.370671, "_runtime": 671.9407200813293, "_step": 2351, "_wandb": {"runtime": 528}}