{"Temperature": -4.009038838157932, "pCH4_per_pO2": -4.114359288920292, "Contact time": -0.9032115503170357, "R2": 0.5633301906543966, "RMSE": 0.9319304673173556, "MAE": 0.7226845792378921, "Hard extrapolative error": [16.14692869], "Easy extrapolative error": [14.1245331], "n_estimators": 984, "max_depth": 22, "min_child_weight": 3.0505968595510606, "gamma": 0.0, "subsample": 0.5, "colsample_bytree": 0.5, "learning_rate": 0.1, "_timestamp": 1709553371.885195, "_runtime": 1087.250107049942, "_step": 2777}